transaction_id,customer_id,amount,transaction_date,status
TXN_00000,4174,40.102127104200704,2026-09-01 00:00:00,SUCCESS
TXN_00001,4507,9.00625420857304,2026-09-01 00:01:00,SUCCESS
TXN_00002,1860,26.48811621400667,2026-09-01 00:02:00,FAILED
TXN_00003,2294,75.16439926260361,2026-09-01 00:03:00,SUCCESS
TXN_00004,2130,32.73192083396248,2026-09-01 00:04:00,PENDING
TXN_00005,2095,210.94796504157785,2026-09-01 00:05:00,SUCCESS
TXN_00006,4772,23.63949295411745,2026-09-01 00:06:00,SUCCESS
TXN_00007,4092,69.23044910368336,2026-09-01 00:07:00,SUCCESS
TXN_00008,2638,24.960455291565076,2026-09-01 00:08:00,SUCCESS
TXN_00009,3169,88.35262694623285,2026-09-01 00:09:00,SUCCESS
TXN_00010,1466,,2026-09-01 00:10:00,SUCCESS
TXN_00011,2238,,2026-09-01 00:11:00,SUCCESS
TXN_00012,1330,,2026-09-01 00:12:00,SUCCESS
TXN_00013,2482,,2026-09-01 00:13:00,SUCCESS
TXN_00014,3135,,2026-09-01 00:14:00,FAILED
TXN_00015,4444,,2026-09-01 00:15:00,SUCCESS
TXN_00016,4171,58.83643218748671,2026-09-01 00:16:00,SUCCESS
TXN_00017,3919,38.21565002696231,2026-09-01 00:17:00,SUCCESS
TXN_00018,4735,69.2968711354936,2026-09-01 00:18:00,SUCCESS
TXN_00019,1130,122.18770879450582,2026-09-01 00:19:00,SUCCESS
TXN_00020,2685,43.99185712692172,2026-09-01 00:20:00,PENDING
TXN_00021,4380,64.75341533189764,2026-09-01 00:21:00,SUCCESS
TXN_00022,1769,70.75140281354251,2026-09-01 00:22:00,SUCCESS
TXN_00023,3391,23.72874703140095,2026-09-01 00:23:00,SUCCESS
TXN_00024,2515,13.79326381916583,2026-09-01 00:24:00,FAILED
TXN_00025,4485,11.473509147133749,2026-09-01 00:25:00,SUCCESS
TXN_00026,3853,14.48035884796759,2026-09-01 00:26:00,SUCCESS
TXN_00027,3433,16.06068786999583,2026-09-01 00:27:00,SUCCESS
TXN_00028,2215,11.61095858554039,2026-09-01 00:28:00,SUCCESS
TXN_00029,1955,105.27723109207325,2026-09-01 00:29:00,SUCCESS
TXN_00030,3324,70.73451321701324,2026-09-01 00:30:00,FAILED
TXN_00031,2184,2.4015871512125537,2026-09-01 00:31:00,SUCCESS
TXN_00032,1459,15.644693928385411,2026-09-01 00:32:00,SUCCESS
TXN_00033,4385,1.1217262286123622,2026-09-01 00:33:00,SUCCESS
TXN_00034,1021,34.47421352525473,2026-09-01 00:34:00,SUCCESS
TXN_00035,3300,32.333288431550564,2026-09-01 00:35:00,SUCCESS
TXN_00036,1747,89.00285748113352,2026-09-01 00:36:00,SUCCESS
TXN_00037,3904,18.392373366018855,2026-09-01 00:37:00,SUCCESS
TXN_00038,4632,84.74590544479399,2026-09-01 00:38:00,SUCCESS
TXN_00039,1474,172.0599941026969,2026-09-01 00:39:00,SUCCESS
TXN_00040,2082,4.6281501228042785,2026-09-01 00:40:00,SUCCESS
TXN_00041,3558,78.4670905382281,2026-09-01 00:41:00,SUCCESS
TXN_00042,4753,44.57452785559081,2026-09-01 00:42:00,SUCCESS
TXN_00043,3047,32.70074347132298,2026-09-01 00:43:00,SUCCESS
TXN_00044,4547,27.282567934328632,2026-09-01 00:44:00,SUCCESS
TXN_00045,3747,76.7787740796594,2026-09-01 00:45:00,FAILED
TXN_00046,1975,50.993940541074224,2026-09-01 00:46:00,SUCCESS
TXN_00047,2806,81.74924054297287,2026-09-01 00:47:00,SUCCESS
TXN_00048,1189,116.73014101423283,2026-09-01 00:48:00,SUCCESS
TXN_00049,4005,48.02045351456432,2026-09-01 00:49:00,SUCCESS
TXN_00050,3734,99999.0,2026-09-01 00:50:00,SUCCESS
TXN_00051,4005,46.83587851406838,2026-09-01 00:51:00,FAILED
TXN_00052,1562,50.61865470979772,2026-09-01 00:52:00,SUCCESS
TXN_00053,2899,40.46333599070031,2026-09-01 00:53:00,SUCCESS
TXN_00054,4638,4.770624259690304,2026-09-01 00:54:00,SUCCESS
TXN_00055,2267,64.80386238579517,2026-09-01 00:55:00,SUCCESS
TXN_00056,3879,39.64244320475297,2026-09-01 00:56:00,SUCCESS
TXN_00057,2528,29.974686565724568,2026-09-01 00:57:00,SUCCESS
TXN_00058,4202,120.65978967435991,2026-09-01 00:58:00,SUCCESS
TXN_00059,4556,17.68820576440974,2026-09-01 00:59:00,FAILED
TXN_00060,4890,37.07511095209075,2026-09-01 01:00:00,SUCCESS
TXN_00061,1646,59.807155409859256,2026-09-01 01:01:00,SUCCESS
TXN_00062,3068,79.59752946197078,2026-09-01 01:02:00,SUCCESS
TXN_00063,3888,30.748862775201008,2026-09-01 01:03:00,SUCCESS
TXN_00064,3214,92.28694947313367,2026-09-01 01:04:00,SUCCESS
TXN_00065,2297,73.24907668232589,2026-09-01 01:05:00,SUCCESS
TXN_00066,3435,3.4265762810875096,2026-09-01 01:06:00,SUCCESS
TXN_00067,1600,2.34730975254089,2026-09-01 01:07:00,SUCCESS
TXN_00068,3363,48.485324963910834,2026-09-01 01:08:00,SUCCESS
TXN_00069,3061,21.340572044483093,2026-09-01 01:09:00,SUCCESS
TXN_00070,1241,11.731133695540526,2026-09-01 01:10:00,SUCCESS
TXN_00071,3041,43.33337127555405,2026-09-01 01:11:00,SUCCESS
TXN_00072,3824,20.894337699399067,2026-09-01 01:12:00,SUCCESS
TXN_00073,4417,38.52986606941108,2026-09-01 01:13:00,SUCCESS
TXN_00074,3612,30.820341427913267,2026-09-01 01:14:00,SUCCESS
TXN_00075,3945,43.94566586959085,2026-09-01 01:15:00,SUCCESS
TXN_00076,2363,25.566328203305165,2026-09-01 01:16:00,SUCCESS
TXN_00077,3139,59.81140588198578,2026-09-01 01:17:00,SUCCESS
TXN_00078,2390,9.926649076981105,2026-09-01 01:18:00,SUCCESS
TXN_00079,4003,59.61892497777347,2026-09-01 01:19:00,SUCCESS
TXN_00080,2478,26.522616547240972,2026-09-01 01:20:00,SUCCESS
TXN_00081,4499,103.6998613862228,2026-09-01 01:21:00,SUCCESS
TXN_00082,3556,36.204660879357824,2026-09-01 01:22:00,FAILED
TXN_00083,1775,180.80068988165175,2026-09-01 01:23:00,SUCCESS
TXN_00084,1034,46.05704820546034,2026-09-01 01:24:00,SUCCESS
TXN_00085,3253,12.67041375070376,2026-09-01 01:25:00,SUCCESS
TXN_00086,4152,86.23981111826595,2026-09-01 01:26:00,SUCCESS
TXN_00087,2955,21.16231003257693,2026-09-01 01:27:00,SUCCESS
TXN_00088,2585,21.356343033287633,2026-09-01 01:28:00,SUCCESS
TXN_00089,4943,1.616071836711022,2026-09-01 01:29:00,SUCCESS
TXN_00090,4459,39.78284475936219,2026-09-01 01:30:00,SUCCESS
TXN_00091,4073,38.22394321821359,2026-09-01 01:31:00,SUCCESS
TXN_00092,2021,22.00216648925316,2026-09-01 01:32:00,SUCCESS
TXN_00093,4461,112.31839691193866,2026-09-01 01:33:00,SUCCESS
TXN_00094,3613,6.89122392577856,2026-09-01 01:34:00,SUCCESS
TXN_00095,2129,20.031305247849573,2026-09-01 01:35:00,SUCCESS
TXN_00096,4843,19.399639449497258,2026-09-01 01:36:00,SUCCESS
TXN_00097,4893,4.841549024365014,2026-09-01 01:37:00,SUCCESS
TXN_00098,2500,32.80657888769475,2026-09-01 01:38:00,SUCCESS
TXN_00099,1702,58.20311599060999,2026-09-01 01:39:00,SUCCESS
TXN_00100,3449,35.8368639457221,2026-09-01 01:40:00,INVALID_STATUS
TXN_00101,3777,8.53809238422158,2026-09-01 01:41:00,INVALID_STATUS
TXN_00102,2579,23.683393940157778,2026-09-01 01:42:00,INVALID_STATUS
TXN_00103,1161,0.12991986479395168,2026-09-01 01:43:00,INVALID_STATUS
TXN_00104,1201,101.36185380027058,2026-09-01 01:44:00,INVALID_STATUS
TXN_00105,2981,4.415174625883432,2026-09-01 01:45:00,INVALID_STATUS
TXN_00106,1995,45.47544928132548,2026-09-01 01:46:00,SUCCESS
TXN_00107,3317,214.36126873305486,2026-09-01 01:47:00,SUCCESS
TXN_00108,4934,38.4572240787722,2026-09-01 01:48:00,SUCCESS
TXN_00109,1815,128.8785775822623,2026-09-01 01:49:00,SUCCESS
TXN_00110,4342,13.467001585396105,2026-09-01 01:50:00,PENDING
TXN_00111,1455,71.34652884023545,2026-09-01 01:51:00,SUCCESS
TXN_00112,4533,37.88596553695833,2026-09-01 01:52:00,SUCCESS
TXN_00113,4798,63.740522638305194,2026-09-01 01:53:00,SUCCESS
TXN_00114,2275,3.218466106559397,2026-09-01 01:54:00,SUCCESS
TXN_00115,2016,7.993128443734735,2026-09-01 01:55:00,SUCCESS
TXN_00116,4773,7.142558851314875,2026-09-01 01:56:00,SUCCESS
TXN_00117,3343,58.10404997737273,2026-09-01 01:57:00,SUCCESS
TXN_00118,4796,93.03640468268625,2026-09-01 01:58:00,SUCCESS
TXN_00119,3767,69.23802330864126,2026-09-01 01:59:00,PENDING
TXN_00120,4820,1.5473040692015219,2026-09-01 02:00:00,SUCCESS
TXN_00121,1337,100.95119288004331,2026-09-01 02:01:00,SUCCESS
TXN_00122,1878,21.859142277472877,2026-09-01 02:02:00,SUCCESS
TXN_00123,2076,25.30549074329548,2026-09-01 02:03:00,PENDING
TXN_00124,1791,5.539269437282534,2026-09-01 02:04:00,SUCCESS
TXN_00125,4993,66.85715712479347,2026-09-01 02:05:00,SUCCESS
TXN_00126,3264,10.06200211566316,2026-09-01 02:06:00,SUCCESS
TXN_00127,1763,41.50164873305435,2026-09-01 02:07:00,SUCCESS
TXN_00128,3235,91.85143750096255,2026-09-01 02:08:00,SUCCESS
TXN_00129,1379,4.67183487260647,2026-09-01 02:09:00,SUCCESS
TXN_00130,1492,38.32198884742982,2026-09-01 02:10:00,SUCCESS
TXN_00131,4112,13.2775335343397,2026-09-01 02:11:00,SUCCESS
TXN_00132,2180,20.997997450188958,2026-09-01 02:12:00,FAILED
TXN_00133,3062,32.11984611539441,2026-09-01 02:13:00,SUCCESS
TXN_00134,4884,21.933334288673446,2026-09-01 02:14:00,SUCCESS
TXN_00135,1064,52.32322271674177,2026-09-01 02:15:00,SUCCESS
TXN_00136,4928,32.656156984409996,2026-09-01 02:16:00,SUCCESS
TXN_00137,4910,43.877483214766514,2026-09-01 02:17:00,SUCCESS
TXN_00138,3568,66.74632380074829,2026-09-01 02:18:00,SUCCESS
TXN_00139,2367,40.79312290684225,2026-09-01 02:19:00,SUCCESS
TXN_00140,2152,44.15917313270588,2026-09-01 02:20:00,SUCCESS
TXN_00141,3027,41.55826460471904,2026-09-01 02:21:00,SUCCESS
TXN_00142,3695,23.802906113842067,2026-09-01 02:22:00,SUCCESS
TXN_00143,2495,20.58272367911554,2026-09-01 02:23:00,SUCCESS
TXN_00144,4134,114.9532633154239,2026-09-01 02:24:00,SUCCESS
TXN_00145,2162,46.76797226997768,2026-09-01 02:25:00,SUCCESS
TXN_00146,2522,14.009057440151285,2026-09-01 02:26:00,FAILED
TXN_00147,3640,34.482435153647366,2026-09-01 02:27:00,FAILED
TXN_00148,1391,20.04989116109669,2026-09-01 02:28:00,SUCCESS
TXN_00149,2698,135.67210337608296,2026-09-01 02:29:00,SUCCESS
TXN_00150,1418,0.37814449126439065,2026-09-01 02:30:00,SUCCESS
TXN_00151,3336,12.766087912883952,2026-09-01 02:31:00,SUCCESS
TXN_00152,1378,22.734617938631178,2026-09-01 02:32:00,SUCCESS
TXN_00153,2796,33.452962006492285,2026-09-01 02:33:00,SUCCESS
TXN_00154,4561,95.12925049380976,2026-09-01 02:34:00,SUCCESS
TXN_00155,3278,4.599603889631214,2026-09-01 02:35:00,SUCCESS
TXN_00156,4065,81.96004511186973,2026-09-01 02:36:00,SUCCESS
TXN_00157,3088,2.863105691493736,2026-09-01 02:37:00,SUCCESS
TXN_00158,4099,92.35748944811738,2026-09-01 02:38:00,SUCCESS
TXN_00159,3182,2.650816681241397,2026-09-01 02:39:00,SUCCESS
TXN_00160,1200,0.9205463608533483,2026-09-01 02:40:00,SUCCESS
TXN_00161,2863,59.69476473254186,2026-09-01 02:41:00,SUCCESS
TXN_00162,1779,294.90845192219217,2026-09-01 02:42:00,SUCCESS
TXN_00163,3977,113.46247884509089,2026-09-01 02:43:00,SUCCESS
TXN_00164,4104,42.90090460833586,2026-09-01 02:44:00,SUCCESS
TXN_00165,4119,124.68462447604279,2026-09-01 02:45:00,SUCCESS
TXN_00166,1502,0.2657050627731103,2026-09-01 02:46:00,SUCCESS
TXN_00167,3454,184.5784793542426,2026-09-01 02:47:00,PENDING
TXN_00168,4645,33.74069133713347,2026-09-01 02:48:00,SUCCESS
TXN_00169,2751,64.16813703398356,2026-09-01 02:49:00,FAILED
TXN_00170,1804,85.9797939722065,2026-09-01 02:50:00,SUCCESS
TXN_00171,3146,63.373552596616314,2026-09-01 02:51:00,SUCCESS
TXN_00172,3731,38.2898435079956,2026-09-01 02:52:00,SUCCESS
TXN_00173,2895,32.37232578258121,2026-09-01 02:53:00,SUCCESS
TXN_00174,3773,91.1880733211721,2026-09-01 02:54:00,SUCCESS
TXN_00175,2570,11.475536451175591,2026-09-01 02:55:00,FAILED
TXN_00176,1960,172.09169858141087,2026-09-01 02:56:00,SUCCESS
TXN_00177,4810,62.05820856482537,2026-09-01 02:57:00,SUCCESS
TXN_00178,3660,11.126370017355436,2026-09-01 02:58:00,PENDING
TXN_00179,2485,66.63714581642228,2026-09-01 02:59:00,SUCCESS
TXN_00180,3690,37.734113299124175,2026-09-01 03:00:00,SUCCESS
TXN_00181,4840,61.41841439243533,2026-09-01 03:01:00,SUCCESS
TXN_00182,2028,73.00339669340853,2026-09-01 03:02:00,SUCCESS
TXN_00183,4289,4.5668639890991365,2026-09-01 03:03:00,SUCCESS
TXN_00184,1502,35.27151109568893,2026-09-01 03:04:00,SUCCESS
TXN_00185,3814,134.42292557974952,2026-09-01 03:05:00,SUCCESS
TXN_00186,1397,19.330366363671633,2026-09-01 03:06:00,SUCCESS
TXN_00187,1870,45.05571118884053,2026-09-01 03:07:00,SUCCESS
TXN_00188,3842,23.040737352429286,2026-09-01 03:08:00,SUCCESS
TXN_00189,1392,30.281360766246408,2026-09-01 03:09:00,FAILED
TXN_00190,1206,39.77041609423742,2026-09-01 03:10:00,FAILED
TXN_00191,2038,39.80574804234198,2026-09-01 03:11:00,SUCCESS
TXN_00192,2881,11.265448602956415,2026-09-01 03:12:00,FAILED
TXN_00193,4625,57.69116994413805,2026-09-01 03:13:00,SUCCESS
TXN_00194,3939,4.598534224900971,2026-09-01 03:14:00,SUCCESS
TXN_00195,2484,7.4728640047373025,2026-09-01 03:15:00,SUCCESS
TXN_00196,4762,0.13572902782280502,2026-09-01 03:16:00,SUCCESS
TXN_00197,4646,6.204296469208481,2026-09-01 03:17:00,SUCCESS
TXN_00198,1863,32.04350760979812,2026-09-01 03:18:00,SUCCESS
TXN_00199,3790,46.5831492241062,2026-09-01 03:19:00,SUCCESS
TXN_00200,4312,79.06425975957416,2026-09-01 03:20:00,SUCCESS
TXN_00201,1563,5.641598440905742,2026-09-01 03:21:00,SUCCESS
TXN_00202,2020,95.09907582233771,2026-09-01 03:22:00,SUCCESS
TXN_00203,1095,68.5160361938668,2026-09-01 03:23:00,SUCCESS
TXN_00204,2923,26.25622611958711,2026-09-01 03:24:00,SUCCESS
TXN_00205,2757,135.10693574585358,2026-09-01 03:25:00,SUCCESS
TXN_00206,3532,235.13626470361513,2026-09-01 03:26:00,SUCCESS
TXN_00207,4478,11.470772056346096,2026-09-01 03:27:00,SUCCESS
TXN_00208,3278,23.83961782700975,2026-09-01 03:28:00,SUCCESS
TXN_00209,3796,130.48909974899138,2026-09-01 03:29:00,SUCCESS
TXN_00210,2678,63.934198052789796,2026-09-01 03:30:00,SUCCESS
TXN_00211,4242,2.464483253076313,2026-09-01 03:31:00,SUCCESS
TXN_00212,1540,76.05177723407454,2026-09-01 03:32:00,SUCCESS
TXN_00213,2059,87.99585910061121,2026-09-01 03:33:00,SUCCESS
TXN_00214,3572,69.41520391552775,2026-09-01 03:34:00,SUCCESS
TXN_00215,2183,80.3563120502065,2026-09-01 03:35:00,SUCCESS
TXN_00216,4910,87.18638725659329,2026-09-01 03:36:00,SUCCESS
TXN_00217,2722,10.314628177693356,2026-09-01 03:37:00,SUCCESS
TXN_00218,4314,13.439204872617305,2026-09-01 03:38:00,SUCCESS
TXN_00219,4157,50.22312505476798,2026-09-01 03:39:00,SUCCESS
TXN_00220,2819,119.2256327951139,2026-09-01 03:40:00,SUCCESS
TXN_00221,3625,19.00424018427205,2026-09-01 03:41:00,SUCCESS
TXN_00222,3729,44.37382827654926,2026-09-01 03:42:00,SUCCESS
TXN_00223,3604,57.43984622126169,2026-09-01 03:43:00,SUCCESS
TXN_00224,2597,30.06931015912525,2026-09-01 03:44:00,SUCCESS
TXN_00225,4060,62.55015549744354,2026-09-01 03:45:00,SUCCESS
TXN_00226,3693,114.96325316592953,2026-09-01 03:46:00,SUCCESS
TXN_00227,1795,48.9218118189787,2026-09-01 03:47:00,SUCCESS
TXN_00228,2051,38.802647518445035,2026-09-01 03:48:00,SUCCESS
TXN_00229,2643,28.87896764560181,2026-09-01 03:49:00,PENDING
TXN_00230,4627,43.07666689080561,2026-09-01 03:50:00,SUCCESS
TXN_00231,2363,21.953353046899345,2026-09-01 03:51:00,SUCCESS
TXN_00232,4869,24.83644835767643,2026-09-01 03:52:00,SUCCESS
TXN_00233,2981,37.949124942184554,2026-09-01 03:53:00,SUCCESS
TXN_00234,2354,3.4470960887535553,2026-09-01 03:54:00,SUCCESS
TXN_00235,2663,13.004991920933783,2026-09-01 03:55:00,SUCCESS
TXN_00236,2529,39.13711031816166,2026-09-01 03:56:00,SUCCESS
TXN_00237,3038,28.24017356073539,2026-09-01 03:57:00,SUCCESS
TXN_00238,4419,20.23445440791373,2026-09-01 03:58:00,SUCCESS
TXN_00239,2496,65.56846155397348,2026-09-01 03:59:00,SUCCESS
TXN_00240,4302,59.16238754862179,2026-09-01 04:00:00,SUCCESS
TXN_00241,3237,9.119923587194666,2026-09-01 04:01:00,SUCCESS
TXN_00242,4296,105.44521296073974,2026-09-01 04:02:00,SUCCESS
TXN_00243,2408,34.2018032958241,2026-09-01 04:03:00,SUCCESS
TXN_00244,2400,67.63541911515311,2026-09-01 04:04:00,SUCCESS
TXN_00245,2306,42.56623025599514,2026-09-01 04:05:00,SUCCESS
TXN_00246,3680,303.58204153505704,2026-09-01 04:06:00,SUCCESS
TXN_00247,3675,69.79766696885962,2026-09-01 04:07:00,SUCCESS
TXN_00248,1972,61.37579935062598,2026-09-01 04:08:00,SUCCESS
TXN_00249,2768,75.3828761758652,2026-09-01 04:09:00,SUCCESS
TXN_00250,2282,7.723335645016542,2026-09-01 04:10:00,SUCCESS
TXN_00251,4430,11.442024477837952,2026-09-01 04:11:00,FAILED
TXN_00252,1709,62.59937784936203,2026-09-01 04:12:00,SUCCESS
TXN_00253,2479,34.059101183302424,2026-09-01 04:13:00,SUCCESS
TXN_00254,2434,70.25047853292008,2026-09-01 04:14:00,SUCCESS
TXN_00255,1648,5.4302905047028105,2026-09-01 04:15:00,SUCCESS
TXN_00256,1317,38.44543303319518,2026-09-01 04:16:00,FAILED
TXN_00257,4748,23.806845213717253,2026-09-01 04:17:00,SUCCESS
TXN_00258,4296,30.532318144097246,2026-09-01 04:18:00,PENDING
TXN_00259,4890,46.31173448653624,2026-09-01 04:19:00,SUCCESS
TXN_00260,2257,34.886719030900224,2026-09-01 04:20:00,SUCCESS
TXN_00261,1683,38.81129362923883,2026-09-01 04:21:00,SUCCESS
TXN_00262,1663,33.31138728781751,2026-09-01 04:22:00,FAILED
TXN_00263,2998,26.29317109785001,2026-09-01 04:23:00,SUCCESS
TXN_00264,4898,73.89460774981427,2026-09-01 04:24:00,SUCCESS
TXN_00265,4445,0.6139070571852856,2026-09-01 04:25:00,SUCCESS
TXN_00266,4743,45.62025219800335,2026-09-01 04:26:00,FAILED
TXN_00267,2631,41.67892728957174,2026-09-01 04:27:00,SUCCESS
TXN_00268,2495,62.97058922661344,2026-09-01 04:28:00,SUCCESS
TXN_00269,4304,45.69335416140355,2026-09-01 04:29:00,SUCCESS
TXN_00270,4763,87.66507575153679,2026-09-01 04:30:00,SUCCESS
TXN_00271,2136,159.80045679607395,2026-09-01 04:31:00,SUCCESS
TXN_00272,2853,20.967370432899845,2026-09-01 04:32:00,SUCCESS
TXN_00273,2520,12.896519329346232,2026-09-01 04:33:00,SUCCESS
TXN_00274,3489,27.547398573253357,2026-09-01 04:34:00,FAILED
TXN_00275,1563,16.978925959569683,2026-09-01 04:35:00,SUCCESS
TXN_00276,2291,47.719138321087165,2026-09-01 04:36:00,FAILED
TXN_00277,4581,121.43713485738259,2026-09-01 04:37:00,SUCCESS
TXN_00278,4878,7.4897868104215375,2026-09-01 04:38:00,PENDING
TXN_00279,4457,5.312189893830514,2026-09-01 04:39:00,SUCCESS
TXN_00280,4458,14.786756025717521,2026-09-01 04:40:00,SUCCESS
TXN_00281,4184,64.7488043850101,2026-09-01 04:41:00,SUCCESS
TXN_00282,2636,44.94254779112463,2026-09-01 04:42:00,SUCCESS
TXN_00283,4696,5.391102928803716,2026-09-01 04:43:00,SUCCESS
TXN_00284,3999,125.51154428087605,2026-09-01 04:44:00,SUCCESS
TXN_00285,4152,78.0525431714446,2026-09-01 04:45:00,SUCCESS
TXN_00286,1698,1.1645882072105163,2026-09-01 04:46:00,SUCCESS
TXN_00287,3160,52.68680455961323,2026-09-01 04:47:00,SUCCESS
TXN_00288,1001,73.75555055422092,2026-09-01 04:48:00,SUCCESS
TXN_00289,1641,23.45503143131086,2026-09-01 04:49:00,SUCCESS
TXN_00290,3267,3.570586480161854,2026-09-01 04:50:00,UNKNOWN
TXN_00291,2589,4.023697746339365,2026-09-01 04:51:00,PENDING
TXN_00292,1854,5.504526787743592,2026-09-01 04:52:00,FAILED
TXN_00293,2759,91.76664727412276,2026-09-01 04:53:00,SUCCESS
TXN_00294,4296,120.77996241174014,2026-09-01 04:54:00,SUCCESS
TXN_00295,3432,6.551627685987414,2026-09-01 04:55:00,SUCCESS
TXN_00296,4474,13.453225300536998,2026-09-01 04:56:00,SUCCESS
TXN_00297,2661,9.047355710689784,2026-09-01 04:57:00,SUCCESS
TXN_00298,2153,10.309459577495296,2026-09-01 04:58:00,SUCCESS
TXN_00299,2076,90.85102978785909,2026-09-01 04:59:00,SUCCESS
TXN_00300,2707,20.184315504512007,2026-09-01 05:00:00,SUCCESS
TXN_00301,3777,18.657950568014023,2026-09-01 05:01:00,SUCCESS
TXN_00302,2695,12.899408036612684,2026-09-01 05:02:00,FAILED
TXN_00303,2733,46.811203594411474,2026-09-01 05:03:00,SUCCESS
TXN_00304,2439,23.845829309196766,2026-09-01 05:04:00,SUCCESS
TXN_00305,3294,68.1776756417382,2026-09-01 05:05:00,PENDING
TXN_00306,1835,11.507137456078535,2026-09-01 05:06:00,SUCCESS
TXN_00307,4510,77.50892020735708,2026-09-01 05:07:00,SUCCESS
TXN_00308,1202,46.281905607857915,2026-09-01 05:08:00,SUCCESS
TXN_00309,4255,6.067003348033725,2026-09-01 05:09:00,SUCCESS
TXN_00310,1122,26.764846276430372,2026-09-01 05:10:00,SUCCESS
TXN_00311,1400,99.578178572615,2026-09-01 05:11:00,PENDING
TXN_00312,1766,128.1716760151855,2026-09-01 05:12:00,SUCCESS
TXN_00313,1293,31.339901447563577,2026-09-01 05:13:00,FAILED
TXN_00314,3327,32.77686687047855,2026-09-01 05:14:00,SUCCESS
TXN_00315,4908,125.32984453817507,2026-09-01 05:15:00,SUCCESS
TXN_00316,3931,44.2236445640353,2026-09-01 05:16:00,SUCCESS
TXN_00317,4681,1.6699116892815318,2026-09-01 05:17:00,SUCCESS
TXN_00318,1197,121.94857809027064,2026-09-01 05:18:00,SUCCESS
TXN_00319,4029,14.26600605329684,2026-09-01 05:19:00,FAILED
TXN_00320,2930,43.093909917129025,2026-09-01 05:20:00,SUCCESS
TXN_00321,4582,9.046924728957752,2026-09-01 05:21:00,SUCCESS
TXN_00322,3799,1.723317984032872,2026-09-01 05:22:00,SUCCESS
TXN_00323,3191,18.660049722259302,2026-09-01 05:23:00,SUCCESS
TXN_00324,1608,75.81917455297149,2026-09-01 05:24:00,SUCCESS
TXN_00325,4272,16.257926021660623,2026-09-01 05:25:00,SUCCESS
TXN_00326,2147,12.42930002515979,2026-09-01 05:26:00,SUCCESS
TXN_00327,1186,11.956075102720611,2026-09-01 05:27:00,SUCCESS
TXN_00328,4397,36.19822801179697,2026-09-01 05:28:00,SUCCESS
TXN_00329,3511,185.53849696629098,2026-09-01 05:29:00,SUCCESS
TXN_00330,4420,30.7157822737962,2026-09-01 05:30:00,SUCCESS
TXN_00331,2794,40.74375334605165,2026-09-01 05:31:00,SUCCESS
TXN_00332,1659,98.53187453073723,2026-09-01 05:32:00,FAILED
TXN_00333,3811,38.29339089132745,2026-09-01 05:33:00,SUCCESS
TXN_00334,4002,10.195416467392281,2026-09-01 05:34:00,SUCCESS
TXN_00335,2955,17.804892079464942,2026-09-01 05:35:00,SUCCESS
TXN_00336,3450,18.548613718183493,2026-09-01 05:36:00,UNKNOWN
TXN_00337,2369,25.318288805846002,2026-09-01 05:37:00,SUCCESS
TXN_00338,2986,27.825061377864518,2026-09-01 05:38:00,SUCCESS
TXN_00339,2534,80.4174308151978,2026-09-01 05:39:00,FAILED
TXN_00340,1146,21.492014106292036,2026-09-01 05:40:00,SUCCESS
TXN_00341,4219,31.577382618090155,2026-09-01 05:41:00,SUCCESS
TXN_00342,3911,49.0382610265661,2026-09-01 05:42:00,SUCCESS
TXN_00343,2734,23.718734215369693,2026-09-01 05:43:00,SUCCESS
TXN_00344,2843,90.56693894052844,2026-09-01 05:44:00,PENDING
TXN_00345,1488,44.27033024740655,2026-09-01 05:45:00,SUCCESS
TXN_00346,3976,17.410166425350827,2026-09-01 05:46:00,SUCCESS
TXN_00347,2959,62.59852409301341,2026-09-01 05:47:00,SUCCESS
TXN_00348,2663,37.501511866331015,2026-09-01 05:48:00,SUCCESS
TXN_00349,3598,38.227421556525805,2026-09-01 05:49:00,SUCCESS
TXN_00350,3385,32.80104337849837,2026-09-01 05:50:00,SUCCESS
TXN_00351,3919,34.359443213819105,2026-09-01 05:51:00,SUCCESS
TXN_00352,1640,72.48435024541864,2026-09-01 05:52:00,SUCCESS
TXN_00353,2802,5.433938489562487,2026-09-01 05:53:00,SUCCESS
TXN_00354,3520,20.350525930288967,2026-09-01 05:54:00,SUCCESS
TXN_00355,2969,3.92529333365425,2026-09-01 05:55:00,SUCCESS
TXN_00356,3198,69.96821423330417,2026-09-01 05:56:00,SUCCESS
TXN_00357,2438,15.893447618768478,2026-09-01 05:57:00,PENDING
TXN_00358,4369,113.86068910875895,2026-09-01 05:58:00,SUCCESS
TXN_00359,2634,37.38845481849859,2026-09-01 05:59:00,SUCCESS
TXN_00360,1262,80.65969072211561,2026-09-01 06:00:00,SUCCESS
TXN_00361,2787,192.99865945168509,2026-09-01 06:01:00,SUCCESS
TXN_00362,3191,91.56313526480886,2026-09-01 06:02:00,SUCCESS
TXN_00363,3393,100.86796173271854,2026-09-01 06:03:00,SUCCESS
TXN_00364,1623,26.211122708950185,2026-09-01 06:04:00,SUCCESS
TXN_00365,2016,40.117151559315445,2026-09-01 06:05:00,SUCCESS
TXN_00366,4643,14.644015598805765,2026-09-01 06:06:00,SUCCESS
TXN_00367,1880,10.914834547940695,2026-09-01 06:07:00,SUCCESS
TXN_00368,3049,35.21120307633305,2026-09-01 06:08:00,SUCCESS
TXN_00369,3944,45.19945783605168,2026-09-01 06:09:00,FAILED
TXN_00370,2327,20.72059401138112,2026-09-01 06:10:00,SUCCESS
TXN_00371,3301,42.13383811210001,2026-09-01 06:11:00,SUCCESS
TXN_00372,4723,109.2225426235336,2026-09-01 06:12:00,SUCCESS
TXN_00373,1452,40.677861477942315,2026-09-01 06:13:00,SUCCESS
TXN_00374,4108,63.79369078751611,2026-09-01 06:14:00,SUCCESS
TXN_00375,2183,81.81861217540576,2026-09-01 06:15:00,FAILED
TXN_00376,4062,224.27514391413683,2026-09-01 06:16:00,SUCCESS
TXN_00377,3056,46.21581783299176,2026-09-01 06:17:00,SUCCESS
TXN_00378,4304,82.21444805488075,2026-09-01 06:18:00,FAILED
TXN_00379,4170,164.37020613601698,2026-09-01 06:19:00,SUCCESS
TXN_00380,2682,144.48735067402626,2026-09-01 06:20:00,SUCCESS
TXN_00381,3863,7.604082266505974,2026-09-01 06:21:00,SUCCESS
TXN_00382,3255,26.07683147263391,2026-09-01 06:22:00,SUCCESS
TXN_00383,2154,19.57737502712597,2026-09-01 06:23:00,SUCCESS
TXN_00384,1403,4.546863568288143,2026-09-01 06:24:00,SUCCESS
TXN_00385,3199,50.152485432919,2026-09-01 06:25:00,SUCCESS
TXN_00386,3101,66.57224637211866,2026-09-01 06:26:00,SUCCESS
TXN_00387,4191,94.23589233849931,2026-09-01 06:27:00,SUCCESS
TXN_00388,2696,6.549695860584737,2026-09-01 06:28:00,SUCCESS
TXN_00389,4991,104.55306992442885,2026-09-01 06:29:00,SUCCESS
TXN_00390,1627,51.490550682724965,2026-09-01 06:30:00,SUCCESS
TXN_00391,1586,60.860693266513266,2026-09-01 06:31:00,SUCCESS
TXN_00392,2648,120.74515644153603,2026-09-01 06:32:00,SUCCESS
TXN_00393,2443,49.009642250546676,2026-09-01 06:33:00,SUCCESS
TXN_00394,2445,20.463556377238348,2026-09-01 06:34:00,SUCCESS
TXN_00395,1103,87.17914078164766,2026-09-01 06:35:00,SUCCESS
TXN_00396,4923,22.553929125544947,2026-09-01 06:36:00,SUCCESS
TXN_00397,1253,1.7413806110360714,2026-09-01 06:37:00,SUCCESS
TXN_00398,4298,88.79071555137776,2026-09-01 06:38:00,SUCCESS
TXN_00399,4183,21.17067186732376,2026-09-01 06:39:00,SUCCESS
TXN_00400,3557,74.32441747060187,2026-09-01 06:40:00,SUCCESS
TXN_00401,2496,22.53028122253319,2026-09-01 06:41:00,SUCCESS
TXN_00402,1098,98.68854089797509,2026-09-01 06:42:00,SUCCESS
TXN_00403,3200,12.391701208342441,2026-09-01 06:43:00,SUCCESS
TXN_00404,2884,183.54660419770318,2026-09-01 06:44:00,SUCCESS
TXN_00405,3961,75.65159275433776,2026-09-01 06:45:00,SUCCESS
TXN_00406,2919,6.0653451926880635,2026-09-01 06:46:00,SUCCESS
TXN_00407,1877,41.70980883783708,2026-09-01 06:47:00,SUCCESS
TXN_00408,1337,211.22486826447692,2026-09-01 06:48:00,SUCCESS
TXN_00409,4777,31.844529193937614,2026-09-01 06:49:00,SUCCESS
TXN_00410,3869,10.051196375603535,2026-09-01 06:50:00,SUCCESS
TXN_00411,4234,33.15790579233518,2026-09-01 06:51:00,SUCCESS
TXN_00412,4791,35.91890662934657,2026-09-01 06:52:00,SUCCESS
TXN_00413,1956,67.67915175830406,2026-09-01 06:53:00,FAILED
TXN_00414,2704,60.006651478763665,2026-09-01 06:54:00,SUCCESS
TXN_00415,1160,25.75423768290705,2026-09-01 06:55:00,SUCCESS
TXN_00416,2603,12.296504404929372,2026-09-01 06:56:00,SUCCESS
TXN_00417,3848,51.7895043207377,2026-09-01 06:57:00,SUCCESS
TXN_00418,1397,27.383465874770486,2026-09-01 06:58:00,SUCCESS
TXN_00419,2300,7.0940915272643315,2026-09-01 06:59:00,SUCCESS
TXN_00420,1815,115.41622722721381,2026-09-01 07:00:00,SUCCESS
TXN_00421,4987,58.75661228756965,2026-09-01 07:01:00,SUCCESS
TXN_00422,2527,57.47168310752112,2026-09-01 07:02:00,SUCCESS
TXN_00423,2919,86.46286610482498,2026-09-01 07:03:00,SUCCESS
TXN_00424,2415,37.7151505292264,2026-09-01 07:04:00,SUCCESS
TXN_00425,2158,84.38468523861012,2026-09-01 07:05:00,SUCCESS
TXN_00426,2218,34.4667979760125,2026-09-01 07:06:00,SUCCESS
TXN_00427,1400,3.4769045715298486,2026-09-01 07:07:00,SUCCESS
TXN_00428,1639,25.980545752732986,2026-09-01 07:08:00,SUCCESS
TXN_00429,4104,34.40448893813034,2026-09-01 07:09:00,PENDING
TXN_00430,3735,63.68447217495844,2026-09-01 07:10:00,SUCCESS
TXN_00431,1459,5.634853128338272,2026-09-01 07:11:00,SUCCESS
TXN_00432,1954,7.542222327442376,2026-09-01 07:12:00,SUCCESS
TXN_00433,4954,15.3047818263105,2026-09-01 07:13:00,SUCCESS
TXN_00434,1469,15.496274552071036,2026-09-01 07:14:00,SUCCESS
TXN_00435,4446,65.87286306726111,2026-09-01 07:15:00,SUCCESS
TXN_00436,2045,14.43283806944411,2026-09-01 07:16:00,SUCCESS
TXN_00437,3797,50.13303346206966,2026-09-01 07:17:00,SUCCESS
TXN_00438,2693,34.08799810031283,2026-09-01 07:18:00,SUCCESS
TXN_00439,3085,42.583045688112485,2026-09-01 07:19:00,SUCCESS
TXN_00440,3277,91.04097141771929,2026-09-01 07:20:00,SUCCESS
TXN_00441,4436,25.90774600702631,2026-09-01 07:21:00,SUCCESS
TXN_00442,1562,73.68231752868158,2026-09-01 07:22:00,SUCCESS
TXN_00443,3485,27.412189951089495,2026-09-01 07:23:00,SUCCESS
TXN_00444,2799,21.837834376423746,2026-09-01 07:24:00,SUCCESS
TXN_00445,4354,159.256553527704,2026-09-01 07:25:00,SUCCESS
TXN_00446,3074,10.189779350859043,2026-09-01 07:26:00,SUCCESS
TXN_00447,1225,4.734051719658968,2026-09-01 07:27:00,SUCCESS
TXN_00448,4348,73.69859083863787,2026-09-01 07:28:00,UNKNOWN
TXN_00449,1797,3.534521219715773,2026-09-01 07:29:00,SUCCESS
TXN_00450,4680,90.72449005873231,2026-09-01 07:30:00,SUCCESS
TXN_00451,3331,28.740961012964494,2026-09-01 07:31:00,PENDING
TXN_00452,3926,123.55828095813777,2026-09-01 07:32:00,SUCCESS
TXN_00453,1959,63.922760991647195,2026-09-01 07:33:00,SUCCESS
TXN_00454,2504,47.13233431293513,2026-09-01 07:34:00,PENDING
TXN_00455,1452,149.0981720814074,2026-09-01 07:35:00,SUCCESS
TXN_00456,4067,25.262839017576518,2026-09-01 07:36:00,SUCCESS
TXN_00457,4900,154.05027977144246,2026-09-01 07:37:00,SUCCESS
TXN_00458,1815,7.251362441943532,2026-09-01 07:38:00,SUCCESS
TXN_00459,1658,33.058685375157495,2026-09-01 07:39:00,SUCCESS
TXN_00460,4587,15.72945695363022,2026-09-01 07:40:00,FAILED
TXN_00461,1546,38.80935314559949,2026-09-01 07:41:00,SUCCESS
TXN_00462,2215,8.83768696834995,2026-09-01 07:42:00,SUCCESS
TXN_00463,4120,92.1093917234848,2026-09-01 07:43:00,FAILED
TXN_00464,4583,93.67272809413241,2026-09-01 07:44:00,SUCCESS
TXN_00465,1016,155.31790100496733,2026-09-01 07:45:00,SUCCESS
TXN_00466,4243,8.401536396117153,2026-09-01 07:46:00,SUCCESS
TXN_00467,2243,48.819628935131526,2026-09-01 07:47:00,SUCCESS
TXN_00468,3205,32.14526626357529,2026-09-01 07:48:00,SUCCESS
TXN_00469,3524,21.108980928843465,2026-09-01 07:49:00,FAILED
TXN_00470,2069,21.65776032086906,2026-09-01 07:50:00,SUCCESS
TXN_00471,4444,26.61894092215098,2026-09-01 07:51:00,SUCCESS
TXN_00472,3565,61.02637902737548,2026-09-01 07:52:00,SUCCESS
TXN_00473,3146,45.600751569678195,2026-09-01 07:53:00,FAILED
TXN_00474,4963,30.779826104959472,2026-09-01 07:54:00,FAILED
TXN_00475,2768,3.948557161879477,2026-09-01 07:55:00,SUCCESS
TXN_00476,2060,4.047779015026521,2026-09-01 07:56:00,SUCCESS
TXN_00477,3327,0.11710656375811065,2026-09-01 07:57:00,SUCCESS
TXN_00478,4420,171.6334553987914,2026-09-01 07:58:00,SUCCESS
TXN_00479,3544,0.26338341970439155,2026-09-01 07:59:00,SUCCESS
TXN_00480,1301,5.440196649556823,2026-09-01 08:00:00,SUCCESS
TXN_00481,1180,18.887382296607218,2026-09-01 08:01:00,FAILED
TXN_00482,1606,82.36484313273505,2026-09-01 08:02:00,SUCCESS
TXN_00483,4170,163.63860647604406,2026-09-01 08:03:00,SUCCESS
TXN_00484,1699,78.03561580123133,2026-09-01 08:04:00,SUCCESS
TXN_00485,1992,58.649590894955494,2026-09-01 08:05:00,SUCCESS
TXN_00486,2139,36.834128840279845,2026-09-01 08:06:00,SUCCESS
TXN_00487,1190,4.534828596375346,2026-09-01 08:07:00,SUCCESS
TXN_00488,3300,158.70802257437816,2026-09-01 08:08:00,SUCCESS
TXN_00489,1980,71.02202070914859,2026-09-01 08:09:00,SUCCESS
TXN_00490,3975,50.93685618235077,2026-09-01 08:10:00,PENDING
TXN_00491,3006,71.15535466148019,2026-09-01 08:11:00,SUCCESS
TXN_00492,2184,64.3864432393812,2026-09-01 08:12:00,SUCCESS
TXN_00493,4327,50.6995304576741,2026-09-01 08:13:00,SUCCESS
TXN_00494,4394,197.06435301906654,2026-09-01 08:14:00,SUCCESS
TXN_00495,1127,116.84009987597514,2026-09-01 08:15:00,SUCCESS
TXN_00496,3065,52.01692173307721,2026-09-01 08:16:00,FAILED
TXN_00497,2816,59.073920783821364,2026-09-01 08:17:00,SUCCESS
TXN_00498,2758,2.6487251655238966,2026-09-01 08:18:00,SUCCESS
TXN_00499,3613,55.42062741845676,2026-09-01 08:19:00,SUCCESS
TXN_00500,1569,2.25852164519866,2026-09-01 08:20:00,SUCCESS
TXN_00501,2346,44.3686160729957,2026-09-01 08:21:00,SUCCESS
TXN_00502,2895,367.1968344095054,2026-09-01 08:22:00,SUCCESS
TXN_00503,3733,40.57475920071192,2026-09-01 08:23:00,SUCCESS
TXN_00504,4863,32.04767579909228,2026-09-01 08:24:00,SUCCESS
TXN_00505,1625,18.760486880621663,2026-09-01 08:25:00,SUCCESS
TXN_00506,4359,6.421369371624394,2026-09-01 08:26:00,SUCCESS
TXN_00507,3901,65.65659506192625,2026-09-01 08:27:00,SUCCESS
TXN_00508,2686,10.696743321712995,2026-09-01 08:28:00,FAILED
TXN_00509,4009,6.124317641784792,2026-09-01 08:29:00,SUCCESS
TXN_00510,4710,27.388543564441264,2026-09-01 08:30:00,SUCCESS
TXN_00511,1154,79.32070969562777,2026-09-01 08:31:00,SUCCESS
TXN_00512,3537,68.33724478748522,2026-09-01 08:32:00,SUCCESS
TXN_00513,2409,2.82230709487037,2026-09-01 08:33:00,SUCCESS
TXN_00514,1784,30.36165806734008,2026-09-01 08:34:00,PENDING
TXN_00515,4175,36.95270574916594,2026-09-01 08:35:00,SUCCESS
TXN_00516,4464,51.7180631869369,2026-09-01 08:36:00,SUCCESS
TXN_00517,4882,52.51501914847696,2026-09-01 08:37:00,SUCCESS
TXN_00518,1245,22.682681060058275,2026-09-01 08:38:00,SUCCESS
TXN_00519,4247,41.12604074733103,2026-09-01 08:39:00,SUCCESS
TXN_00520,4110,32.79853198096581,2026-09-01 08:40:00,FAILED
TXN_00521,2500,108.140442980955,2026-09-01 08:41:00,PENDING
TXN_00522,2705,37.77934277191066,2026-09-01 08:42:00,SUCCESS
TXN_00523,3806,29.083167095770595,2026-09-01 08:43:00,SUCCESS
TXN_00524,1537,25.916472835082814,2026-09-01 08:44:00,SUCCESS
TXN_00525,2890,42.481601055005314,2026-09-01 08:45:00,SUCCESS
TXN_00526,2841,81.47615873061667,2026-09-01 08:46:00,SUCCESS
TXN_00527,1920,38.652989626066784,2026-09-01 08:47:00,SUCCESS
TXN_00528,3455,54.18448557359892,2026-09-01 08:48:00,SUCCESS
TXN_00529,1524,66.9430209352306,2026-09-01 08:49:00,PENDING
TXN_00530,3875,36.71597326693474,2026-09-01 08:50:00,SUCCESS
TXN_00531,2529,27.827517018524468,2026-09-01 08:51:00,SUCCESS
TXN_00532,3950,104.64270561513258,2026-09-01 08:52:00,SUCCESS
TXN_00533,4896,27.021826913995206,2026-09-01 08:53:00,SUCCESS
TXN_00534,1035,30.989524938298423,2026-09-01 08:54:00,SUCCESS
TXN_00535,1684,231.99487983531827,2026-09-01 08:55:00,SUCCESS
TXN_00536,1019,0.011877589453837533,2026-09-01 08:56:00,SUCCESS
TXN_00537,3368,10.25737956524795,2026-09-01 08:57:00,SUCCESS
TXN_00538,4847,24.222484845326605,2026-09-01 08:58:00,SUCCESS
TXN_00539,3559,134.84802802390337,2026-09-01 08:59:00,SUCCESS
TXN_00540,1399,3.630131750446429,2026-09-01 09:00:00,SUCCESS
TXN_00541,3701,0.47653534362049543,2026-09-01 09:01:00,SUCCESS
TXN_00542,1971,2.706119149492059,2026-09-01 09:02:00,SUCCESS
TXN_00543,2906,4.6355655732519505,2026-09-01 09:03:00,FAILED
TXN_00544,3518,1.9160880732981906,2026-09-01 09:04:00,SUCCESS
TXN_00545,2166,32.67530152633423,2026-09-01 09:05:00,SUCCESS
TXN_00546,2115,43.465253459471924,2026-09-01 09:06:00,SUCCESS
TXN_00547,4425,15.851216920354908,2026-09-01 09:07:00,SUCCESS
TXN_00548,1833,25.398766483785874,2026-09-01 09:08:00,SUCCESS
TXN_00549,2823,4.808991322997891,2026-09-01 09:09:00,SUCCESS
TXN_00550,3774,20.501560632879126,2026-09-01 09:10:00,PENDING
TXN_00551,2982,36.961565588691435,2026-09-01 09:11:00,SUCCESS
TXN_00552,1853,65.88915095194795,2026-09-01 09:12:00,SUCCESS
TXN_00553,1050,0.16759868174416612,2026-09-01 09:13:00,SUCCESS
TXN_00554,4736,31.490853826120123,2026-09-01 09:14:00,FAILED
TXN_00555,4769,17.62012394326543,2026-09-01 09:15:00,SUCCESS
TXN_00556,1574,95.80556644331563,2026-09-01 09:16:00,SUCCESS
TXN_00557,4261,62.86047213730733,2026-09-01 09:17:00,SUCCESS
TXN_00558,2148,44.47130867490238,2026-09-01 09:18:00,SUCCESS
TXN_00559,3197,16.23567728865771,2026-09-01 09:19:00,SUCCESS
TXN_00560,3361,120.58602626660719,2026-09-01 09:20:00,SUCCESS
TXN_00561,3617,2.307468261586126,2026-09-01 09:21:00,SUCCESS
TXN_00562,4413,5.796789568857452,2026-09-01 09:22:00,SUCCESS
TXN_00563,3352,24.848613024440027,2026-09-01 09:23:00,FAILED
TXN_00564,2715,6.644440373292972,2026-09-01 09:24:00,SUCCESS
TXN_00565,1681,156.65291146111073,2026-09-01 09:25:00,SUCCESS
TXN_00566,1837,79.97173611508444,2026-09-01 09:26:00,SUCCESS
TXN_00567,4854,14.986562090840435,2026-09-01 09:27:00,SUCCESS
TXN_00568,2077,44.403902560116414,2026-09-01 09:28:00,SUCCESS
TXN_00569,4050,201.79580715258618,2026-09-01 09:29:00,SUCCESS
TXN_00570,3491,107.79409447282342,2026-09-01 09:30:00,SUCCESS
TXN_00571,3660,45.914442143727,2026-09-01 09:31:00,SUCCESS
TXN_00572,4040,117.02679357393122,2026-09-01 09:32:00,SUCCESS
TXN_00573,3311,226.34064402894808,2026-09-01 09:33:00,SUCCESS
TXN_00574,4124,68.00264945186912,2026-09-01 09:34:00,SUCCESS
TXN_00575,2595,3.3597107243336937,2026-09-01 09:35:00,SUCCESS
TXN_00576,4051,25.673141275171822,2026-09-01 09:36:00,SUCCESS
TXN_00577,4691,90.95419068905217,2026-09-01 09:37:00,SUCCESS
TXN_00578,1004,13.105212640998703,2026-09-01 09:38:00,SUCCESS
TXN_00579,2126,88.78717592654691,2026-09-01 09:39:00,SUCCESS
TXN_00580,2219,6.410920124137369,2026-09-01 09:40:00,SUCCESS
TXN_00581,1773,2.404151962320228,2026-09-01 09:41:00,SUCCESS
TXN_00582,1876,24.23277114225418,2026-09-01 09:42:00,SUCCESS
TXN_00583,1991,1.8711771976691063,2026-09-01 09:43:00,SUCCESS
TXN_00584,3931,157.64300919405989,2026-09-01 09:44:00,SUCCESS
TXN_00585,4421,87.49414194025213,2026-09-01 09:45:00,SUCCESS
TXN_00586,1046,80.66468861829932,2026-09-01 09:46:00,SUCCESS
TXN_00587,3914,49.682612263910606,2026-09-01 09:47:00,FAILED
TXN_00588,3870,12.18798193755001,2026-09-01 09:48:00,SUCCESS
TXN_00589,3983,36.51757453538804,2026-09-01 09:49:00,SUCCESS
TXN_00590,4891,45.474951443369505,2026-09-01 09:50:00,SUCCESS
TXN_00591,3703,37.22533973735849,2026-09-01 09:51:00,SUCCESS
TXN_00592,1268,15.071025230883158,2026-09-01 09:52:00,SUCCESS
TXN_00593,1369,36.205885144894516,2026-09-01 09:53:00,SUCCESS
TXN_00594,1635,33.783671076974784,2026-09-01 09:54:00,FAILED
TXN_00595,2129,280.4569322960533,2026-09-01 09:55:00,SUCCESS
TXN_00596,2693,113.86348642316145,2026-09-01 09:56:00,SUCCESS
TXN_00597,2682,31.12332321436137,2026-09-01 09:57:00,SUCCESS
TXN_00598,1656,48.767200615787395,2026-09-01 09:58:00,SUCCESS
TXN_00599,1119,68.89084068275511,2026-09-01 09:59:00,SUCCESS
TXN_00600,1830,1.774372853844074,2026-09-01 10:00:00,SUCCESS
TXN_00601,2810,112.65235148941785,2026-09-01 10:01:00,SUCCESS
TXN_00602,4675,98.35095492213792,2026-09-01 10:02:00,SUCCESS
TXN_00603,2081,30.572101800298444,2026-09-01 10:03:00,SUCCESS
TXN_00604,2974,24.81079060851736,2026-09-01 10:04:00,PENDING
TXN_00605,2369,15.938646124105569,2026-09-01 10:05:00,FAILED
TXN_00606,1740,32.377804334409795,2026-09-01 10:06:00,SUCCESS
TXN_00607,4545,2.2695721540345475,2026-09-01 10:07:00,SUCCESS
TXN_00608,1116,95.59257593492767,2026-09-01 10:08:00,SUCCESS
TXN_00609,2853,1.8032480468316217,2026-09-01 10:09:00,PENDING
TXN_00610,3838,19.95313477086502,2026-09-01 10:10:00,SUCCESS
TXN_00611,2150,134.11143933070966,2026-09-01 10:11:00,SUCCESS
TXN_00612,4464,66.44141225235313,2026-09-01 10:12:00,SUCCESS
TXN_00613,2931,16.52189125844102,2026-09-01 10:13:00,SUCCESS
TXN_00614,2012,14.561022520765446,2026-09-01 10:14:00,UNKNOWN
TXN_00615,2664,0.2547548906063376,2026-09-01 10:15:00,PENDING
TXN_00616,2081,59.48940963919315,2026-09-01 10:16:00,SUCCESS
TXN_00617,1633,2.5006836554079235,2026-09-01 10:17:00,SUCCESS
TXN_00618,1512,38.028762356871994,2026-09-01 10:18:00,SUCCESS
TXN_00619,4822,163.66920433919597,2026-09-01 10:19:00,SUCCESS
TXN_00620,3849,5.796860390325048,2026-09-01 10:20:00,SUCCESS
TXN_00621,2119,112.44270581830989,2026-09-01 10:21:00,SUCCESS
TXN_00622,4709,238.2395784893735,2026-09-01 10:22:00,SUCCESS
TXN_00623,2141,3.1745282545278344,2026-09-01 10:23:00,SUCCESS
TXN_00624,1559,107.23902732126378,2026-09-01 10:24:00,PENDING
TXN_00625,4672,36.29168254870607,2026-09-01 10:25:00,SUCCESS
TXN_00626,1487,118.49702927406433,2026-09-01 10:26:00,SUCCESS
TXN_00627,4308,42.35210454556722,2026-09-01 10:27:00,FAILED
TXN_00628,4956,54.252041463451185,2026-09-01 10:28:00,SUCCESS
TXN_00629,1896,39.23888680435324,2026-09-01 10:29:00,SUCCESS
TXN_00630,4343,99.93655480927774,2026-09-01 10:30:00,PENDING
TXN_00631,2212,66.19601884897996,2026-09-01 10:31:00,FAILED
TXN_00632,1703,36.82991392608497,2026-09-01 10:32:00,SUCCESS
TXN_00633,2470,101.30861557657622,2026-09-01 10:33:00,SUCCESS
TXN_00634,1580,14.070789484102452,2026-09-01 10:34:00,SUCCESS
TXN_00635,3837,8.559625334426608,2026-09-01 10:35:00,SUCCESS
TXN_00636,3908,8.741490824417466,2026-09-01 10:36:00,FAILED
TXN_00637,3294,20.323946998995932,2026-09-01 10:37:00,SUCCESS
TXN_00638,4147,13.6357343222338,2026-09-01 10:38:00,SUCCESS
TXN_00639,1153,133.02757960995072,2026-09-01 10:39:00,SUCCESS
TXN_00640,2679,5.593197182651249,2026-09-01 10:40:00,SUCCESS
TXN_00641,4506,60.030712203703416,2026-09-01 10:41:00,SUCCESS
TXN_00642,1996,10.4880215423116,2026-09-01 10:42:00,SUCCESS
TXN_00643,4157,106.70001135464497,2026-09-01 10:43:00,FAILED
TXN_00644,3744,162.61554002671573,2026-09-01 10:44:00,SUCCESS
TXN_00645,4356,31.318371963865726,2026-09-01 10:45:00,SUCCESS
TXN_00646,2243,105.62778268157089,2026-09-01 10:46:00,SUCCESS
TXN_00647,2092,0.257922636200837,2026-09-01 10:47:00,SUCCESS
TXN_00648,4118,85.72517841395107,2026-09-01 10:48:00,SUCCESS
TXN_00649,2008,12.979042586981487,2026-09-01 10:49:00,SUCCESS
TXN_00650,3141,119.68094158918976,2026-09-01 10:50:00,SUCCESS
TXN_00651,2773,0.056036963690825045,2026-09-01 10:51:00,SUCCESS
TXN_00652,1957,40.6170056747006,2026-09-01 10:52:00,SUCCESS
TXN_00653,4059,70.65981038949944,2026-09-01 10:53:00,SUCCESS
TXN_00654,1452,14.96670678852503,2026-09-01 10:54:00,SUCCESS
TXN_00655,2227,10.729813219990787,2026-09-01 10:55:00,SUCCESS
TXN_00656,3959,4.392307600485594,2026-09-01 10:56:00,SUCCESS
TXN_00657,3265,19.75843318246302,2026-09-01 10:57:00,SUCCESS
TXN_00658,3521,41.031338949657695,2026-09-01 10:58:00,SUCCESS
TXN_00659,3479,6.156079967033821,2026-09-01 10:59:00,SUCCESS
TXN_00660,3388,23.635994706710466,2026-09-01 11:00:00,SUCCESS
TXN_00661,1550,0.4556904766980622,2026-09-01 11:01:00,UNKNOWN
TXN_00662,2635,85.37443284533319,2026-09-01 11:02:00,SUCCESS
TXN_00663,2312,6.874028624334835,2026-09-01 11:03:00,SUCCESS
TXN_00664,4325,16.657893140153426,2026-09-01 11:04:00,SUCCESS
TXN_00665,2757,0.9299812153755881,2026-09-01 11:05:00,FAILED
TXN_00666,1356,28.302893272109902,2026-09-01 11:06:00,SUCCESS
TXN_00667,3070,91.66705721825954,2026-09-01 11:07:00,SUCCESS
TXN_00668,2785,24.891456549128065,2026-09-01 11:08:00,SUCCESS
TXN_00669,3569,9.89190531645692,2026-09-01 11:09:00,SUCCESS
TXN_00670,2781,70.06001200039063,2026-09-01 11:10:00,SUCCESS
TXN_00671,4908,77.74913928982883,2026-09-01 11:11:00,SUCCESS
TXN_00672,4171,9.543104697309818,2026-09-01 11:12:00,FAILED
TXN_00673,3849,73.6698198835283,2026-09-01 11:13:00,SUCCESS
TXN_00674,4251,147.15498766002065,2026-09-01 11:14:00,SUCCESS
TXN_00675,4294,9.098736063353858,2026-09-01 11:15:00,SUCCESS
TXN_00676,4977,73.6982343108732,2026-09-01 11:16:00,FAILED
TXN_00677,3809,61.64811588893958,2026-09-01 11:17:00,SUCCESS
TXN_00678,4730,32.08221480822916,2026-09-01 11:18:00,FAILED
TXN_00679,3489,2.9832785598129137,2026-09-01 11:19:00,SUCCESS
TXN_00680,2631,3.8815618422796225,2026-09-01 11:20:00,SUCCESS
TXN_00681,3816,95.66743444060198,2026-09-01 11:21:00,SUCCESS
TXN_00682,2015,231.00593172313268,2026-09-01 11:22:00,SUCCESS
TXN_00683,2348,56.35865319057466,2026-09-01 11:23:00,SUCCESS
TXN_00684,1515,29.52576684812447,2026-09-01 11:24:00,SUCCESS
TXN_00685,4087,52.14567980041623,2026-09-01 11:25:00,SUCCESS
TXN_00686,3839,45.118880887733745,2026-09-01 11:26:00,SUCCESS
TXN_00687,1335,24.193953303703307,2026-09-01 11:27:00,SUCCESS
TXN_00688,2782,3.3939323682995197,2026-09-01 11:28:00,SUCCESS
TXN_00689,3305,86.16196074443323,2026-09-01 11:29:00,SUCCESS
TXN_00690,1496,23.24750334057988,2026-09-01 11:30:00,SUCCESS
TXN_00691,1895,85.40373287953726,2026-09-01 11:31:00,SUCCESS
TXN_00692,3207,14.551633952727075,2026-09-01 11:32:00,PENDING
TXN_00693,4546,0.051500506199075,2026-09-01 11:33:00,SUCCESS
TXN_00694,1851,8.654511838758163,2026-09-01 11:34:00,SUCCESS
TXN_00695,2687,31.606312266051635,2026-09-01 11:35:00,PENDING
TXN_00696,2931,144.39201968722315,2026-09-01 11:36:00,SUCCESS
TXN_00697,3737,5.390042302933244,2026-09-01 11:37:00,SUCCESS
TXN_00698,4746,96.27932509288293,2026-09-01 11:38:00,SUCCESS
TXN_00699,3427,37.435541757666016,2026-09-01 11:39:00,PENDING
TXN_00700,2568,87.41223572252397,2026-09-01 11:40:00,SUCCESS
TXN_00701,1956,17.717769736565796,2026-09-01 11:41:00,SUCCESS
TXN_00702,3738,91.61256487310735,2026-09-01 11:42:00,SUCCESS
TXN_00703,4498,74.10124306601989,2026-09-01 11:43:00,SUCCESS
TXN_00704,2636,13.07172423937386,2026-09-01 11:44:00,SUCCESS
TXN_00705,2291,7.039893706900713,2026-09-01 11:45:00,SUCCESS
TXN_00706,4906,101.26824877174063,2026-09-01 11:46:00,SUCCESS
TXN_00707,4648,165.1626973778539,2026-09-01 11:47:00,SUCCESS
TXN_00708,2440,1.5901350530230518,2026-09-01 11:48:00,SUCCESS
TXN_00709,2191,65.70241850685534,2026-09-01 11:49:00,SUCCESS
TXN_00710,4913,120.1338152081115,2026-09-01 11:50:00,SUCCESS
TXN_00711,2066,97.37159755281533,2026-09-01 11:51:00,SUCCESS
TXN_00712,4627,166.93997162572975,2026-09-01 11:52:00,SUCCESS
TXN_00713,1284,71.37542129908749,2026-09-01 11:53:00,SUCCESS
TXN_00714,3444,29.196593822032142,2026-09-01 11:54:00,SUCCESS
TXN_00715,1011,18.694833111315713,2026-09-01 11:55:00,SUCCESS
TXN_00716,2630,19.337767155934962,2026-09-01 11:56:00,SUCCESS
TXN_00717,4373,64.44435048029659,2026-09-01 11:57:00,SUCCESS
TXN_00718,4969,68.48897664189364,2026-09-01 11:58:00,SUCCESS
TXN_00719,4324,11.179629077454432,2026-09-01 11:59:00,FAILED
TXN_00720,3546,101.2942097361333,2026-09-01 12:00:00,FAILED
TXN_00721,1753,62.74998043094888,2026-09-01 12:01:00,SUCCESS
TXN_00722,3082,41.36254099785069,2026-09-01 12:02:00,SUCCESS
TXN_00723,3774,31.888694743137364,2026-09-01 12:03:00,PENDING
TXN_00724,3896,39.17907198735981,2026-09-01 12:04:00,SUCCESS
TXN_00725,1089,8.672792971169416,2026-09-01 12:05:00,SUCCESS
TXN_00726,1775,11.389042428562423,2026-09-01 12:06:00,SUCCESS
TXN_00727,3652,4.779557936100744,2026-09-01 12:07:00,SUCCESS
TXN_00728,4993,8.341589541770157,2026-09-01 12:08:00,SUCCESS
TXN_00729,4017,30.228767590918427,2026-09-01 12:09:00,SUCCESS
TXN_00730,2625,37.788844895504845,2026-09-01 12:10:00,SUCCESS
TXN_00731,4069,0.9011670746148438,2026-09-01 12:11:00,SUCCESS
TXN_00732,1417,79.67769368447051,2026-09-01 12:12:00,SUCCESS
TXN_00733,1114,17.418899618989634,2026-09-01 12:13:00,SUCCESS
TXN_00734,1616,121.42784795443993,2026-09-01 12:14:00,SUCCESS
TXN_00735,4974,171.3430911224138,2026-09-01 12:15:00,SUCCESS
TXN_00736,4267,10.256518035943477,2026-09-01 12:16:00,SUCCESS
TXN_00737,1825,31.00387865139384,2026-09-01 12:17:00,SUCCESS
TXN_00738,4572,0.061629724950514206,2026-09-01 12:18:00,SUCCESS
TXN_00739,2649,45.605880713029485,2026-09-01 12:19:00,FAILED
TXN_00740,2516,46.7362868930323,2026-09-01 12:20:00,SUCCESS
TXN_00741,4146,14.220369045807605,2026-09-01 12:21:00,PENDING
TXN_00742,1412,40.868974070191946,2026-09-01 12:22:00,SUCCESS
TXN_00743,4447,12.779472530441813,2026-09-01 12:23:00,SUCCESS
TXN_00744,4491,8.76682857979046,2026-09-01 12:24:00,SUCCESS
TXN_00745,1728,52.70864545858744,2026-09-01 12:25:00,FAILED
TXN_00746,4348,19.720729328799564,2026-09-01 12:26:00,SUCCESS
TXN_00747,4068,44.6121039980764,2026-09-01 12:27:00,SUCCESS
TXN_00748,3808,28.391562667283814,2026-09-01 12:28:00,SUCCESS
TXN_00749,1675,207.8687147968963,2026-09-01 12:29:00,SUCCESS
TXN_00750,4465,8.101284479650461,2026-09-01 12:30:00,SUCCESS
TXN_00751,2892,31.236926337421195,2026-09-01 12:31:00,FAILED
TXN_00752,3504,57.043112981724654,2026-09-01 12:32:00,SUCCESS
TXN_00753,3967,25.17140960775739,2026-09-01 12:33:00,SUCCESS
TXN_00754,3239,183.8472514176179,2026-09-01 12:34:00,SUCCESS
TXN_00755,3786,63.986501543732686,2026-09-01 12:35:00,SUCCESS
TXN_00756,4760,53.49888852147061,2026-09-01 12:36:00,SUCCESS
TXN_00757,2122,70.74688825123027,2026-09-01 12:37:00,SUCCESS
TXN_00758,2571,152.50798480309297,2026-09-01 12:38:00,SUCCESS
TXN_00759,1977,119.19987394578291,2026-09-01 12:39:00,PENDING
TXN_00760,2008,64.41943365114817,2026-09-01 12:40:00,SUCCESS
TXN_00761,3143,69.14732638890246,2026-09-01 12:41:00,SUCCESS
TXN_00762,2687,7.88664205770127,2026-09-01 12:42:00,SUCCESS
TXN_00763,3710,5.423400529065474,2026-09-01 12:43:00,PENDING
TXN_00764,4261,42.30378892016971,2026-09-01 12:44:00,SUCCESS
TXN_00765,4807,0.9269208213473842,2026-09-01 12:45:00,SUCCESS
TXN_00766,1036,32.92341343866761,2026-09-01 12:46:00,FAILED
TXN_00767,4851,11.808246884112913,2026-09-01 12:47:00,SUCCESS
TXN_00768,4440,21.233663031804674,2026-09-01 12:48:00,SUCCESS
TXN_00769,4766,74.76189458200628,2026-09-01 12:49:00,SUCCESS
TXN_00770,2548,141.71257273285937,2026-09-01 12:50:00,FAILED
TXN_00771,3326,3.7586107978187373,2026-09-01 12:51:00,SUCCESS
TXN_00772,3264,38.2044767645183,2026-09-01 12:52:00,SUCCESS
TXN_00773,3914,107.0800985856394,2026-09-01 12:53:00,SUCCESS
TXN_00774,1872,4.305600046954757,2026-09-01 12:54:00,SUCCESS
TXN_00775,2821,87.00981392888653,2026-09-01 12:55:00,SUCCESS
TXN_00776,2296,22.14288004616273,2026-09-01 12:56:00,SUCCESS
TXN_00777,4952,19.43738397936561,2026-09-01 12:57:00,SUCCESS
TXN_00778,3109,189.6373571513603,2026-09-01 12:58:00,SUCCESS
TXN_00779,1595,11.210899532267273,2026-09-01 12:59:00,SUCCESS
TXN_00780,2903,59.07697300419647,2026-09-01 13:00:00,SUCCESS
TXN_00781,1728,86.1417338456845,2026-09-01 13:01:00,FAILED
TXN_00782,2365,2.102778131761097,2026-09-01 13:02:00,SUCCESS
TXN_00783,1396,55.49156814248434,2026-09-01 13:03:00,SUCCESS
TXN_00784,1698,151.36112056718423,2026-09-01 13:04:00,SUCCESS
TXN_00785,4090,6.6320161574184935,2026-09-01 13:05:00,SUCCESS
TXN_00786,3224,113.27472787460466,2026-09-01 13:06:00,SUCCESS
TXN_00787,2635,45.16584256266324,2026-09-01 13:07:00,SUCCESS
TXN_00788,1395,47.93441995241752,2026-09-01 13:08:00,SUCCESS
TXN_00789,3492,47.459317268113146,2026-09-01 13:09:00,SUCCESS
TXN_00790,4304,17.750665285318835,2026-09-01 13:10:00,SUCCESS
TXN_00791,4986,136.82388449484273,2026-09-01 13:11:00,SUCCESS
TXN_00792,1075,147.20489136775367,2026-09-01 13:12:00,SUCCESS
TXN_00793,1264,49.082100522339076,2026-09-01 13:13:00,SUCCESS
TXN_00794,3502,76.49039355823119,2026-09-01 13:14:00,SUCCESS
TXN_00795,2819,47.370753628788364,2026-09-01 13:15:00,SUCCESS
TXN_00796,1717,33.121049850507845,2026-09-01 13:16:00,FAILED
TXN_00797,3782,54.061234392354585,2026-09-01 13:17:00,SUCCESS
TXN_00798,4455,40.25999670101439,2026-09-01 13:18:00,SUCCESS
TXN_00799,4635,45.50001076526209,2026-09-01 13:19:00,SUCCESS
TXN_00800,1850,76.58509779845045,2026-09-01 13:20:00,SUCCESS
TXN_00801,4577,32.783305856101585,2026-09-01 13:21:00,SUCCESS
TXN_00802,2390,2.080391519402756,2026-09-01 13:22:00,FAILED
TXN_00803,1143,8.956302253583395,2026-09-01 13:23:00,SUCCESS
TXN_00804,1884,28.866723479465232,2026-09-01 13:24:00,SUCCESS
TXN_00805,4140,64.51768443753606,2026-09-01 13:25:00,SUCCESS
TXN_00806,4170,44.98134837974978,2026-09-01 13:26:00,FAILED
TXN_00807,1395,52.5331504504997,2026-09-01 13:27:00,SUCCESS
TXN_00808,4096,32.62703760694319,2026-09-01 13:28:00,SUCCESS
TXN_00809,3995,47.82205670521317,2026-09-01 13:29:00,SUCCESS
TXN_00810,3938,19.95060650747145,2026-09-01 13:30:00,SUCCESS
TXN_00811,2492,31.761142315837038,2026-09-01 13:31:00,SUCCESS
TXN_00812,4555,68.1834264537001,2026-09-01 13:32:00,PENDING
TXN_00813,4636,102.72097267033276,2026-09-01 13:33:00,SUCCESS
TXN_00814,4222,28.427621775352605,2026-09-01 13:34:00,FAILED
TXN_00815,2167,2.232175700583107,2026-09-01 13:35:00,SUCCESS
TXN_00816,3616,8.817324802584135,2026-09-01 13:36:00,SUCCESS
TXN_00817,2062,1.0540903587693935,2026-09-01 13:37:00,SUCCESS
TXN_00818,3156,52.95943834793938,2026-09-01 13:38:00,SUCCESS
TXN_00819,4764,20.196910621977455,2026-09-01 13:39:00,FAILED
TXN_00820,2065,39.09658487378546,2026-09-01 13:40:00,SUCCESS
TXN_00821,2209,33.989523670658656,2026-09-01 13:41:00,SUCCESS
TXN_00822,3982,4.252110737818362,2026-09-01 13:42:00,SUCCESS
TXN_00823,3445,25.81380261375532,2026-09-01 13:43:00,SUCCESS
TXN_00824,4294,12.459050455518744,2026-09-01 13:44:00,SUCCESS
TXN_00825,1633,27.098599469958007,2026-09-01 13:45:00,SUCCESS
TXN_00826,2156,11.38132174332213,2026-09-01 13:46:00,SUCCESS
TXN_00827,4234,91.77065040097916,2026-09-01 13:47:00,FAILED
TXN_00828,2238,9.56972982561957,2026-09-01 13:48:00,SUCCESS
TXN_00829,1732,161.929125984198,2026-09-01 13:49:00,SUCCESS
TXN_00830,1234,26.884784456063382,2026-09-01 13:50:00,SUCCESS
TXN_00831,4914,93.6198375875005,2026-09-01 13:51:00,SUCCESS
TXN_00832,3705,49.545975201063754,2026-09-01 13:52:00,SUCCESS
TXN_00833,1750,66.4674104604933,2026-09-01 13:53:00,SUCCESS
TXN_00834,3635,72.9914238662515,2026-09-01 13:54:00,FAILED
TXN_00835,4080,35.14420977952237,2026-09-01 13:55:00,SUCCESS
TXN_00836,4145,39.18648523795948,2026-09-01 13:56:00,SUCCESS
TXN_00837,1953,36.076907633330286,2026-09-01 13:57:00,SUCCESS
TXN_00838,3539,44.34368170328028,2026-09-01 13:58:00,SUCCESS
TXN_00839,3960,1.4917559771428233,2026-09-01 13:59:00,SUCCESS
TXN_00840,4324,25.168935205616854,2026-09-01 14:00:00,SUCCESS
TXN_00841,4301,46.59417264277954,2026-09-01 14:01:00,SUCCESS
TXN_00842,2542,45.53078890339211,2026-09-01 14:02:00,SUCCESS
TXN_00843,2197,78.74122024265337,2026-09-01 14:03:00,SUCCESS
TXN_00844,2676,53.21189656978634,2026-09-01 14:04:00,SUCCESS
TXN_00845,2191,242.25593477684973,2026-09-01 14:05:00,UNKNOWN
TXN_00846,3217,16.693598016195015,2026-09-01 14:06:00,SUCCESS
TXN_00847,2416,22.248073276357854,2026-09-01 14:07:00,SUCCESS
TXN_00848,3993,24.21301080715245,2026-09-01 14:08:00,SUCCESS
TXN_00849,3842,31.35044763992727,2026-09-01 14:09:00,SUCCESS
TXN_00850,3681,90.3938522507747,2026-09-01 14:10:00,SUCCESS
TXN_00851,2217,13.445769925508591,2026-09-01 14:11:00,SUCCESS
TXN_00852,2540,74.80550756964173,2026-09-01 14:12:00,FAILED
TXN_00853,3076,25.985766273974427,2026-09-01 14:13:00,SUCCESS
TXN_00854,4236,46.04699910314765,2026-09-01 14:14:00,SUCCESS
TXN_00855,2445,50.05711304527403,2026-09-01 14:15:00,SUCCESS
TXN_00856,3386,23.328367974565346,2026-09-01 14:16:00,SUCCESS
TXN_00857,4719,35.935066742135184,2026-09-01 14:17:00,SUCCESS
TXN_00858,2519,26.639178449656427,2026-09-01 14:18:00,SUCCESS
TXN_00859,2388,3.581931968013957,2026-09-01 14:19:00,FAILED
TXN_00860,2856,28.73847287197837,2026-09-01 14:20:00,SUCCESS
TXN_00861,2365,5.123423557842979,2026-09-01 14:21:00,SUCCESS
TXN_00862,1499,25.961441524250645,2026-09-01 14:22:00,SUCCESS
TXN_00863,2680,44.9370810910768,2026-09-01 14:23:00,FAILED
TXN_00864,1510,43.30542201813103,2026-09-01 14:24:00,SUCCESS
TXN_00865,4398,54.327458922967594,2026-09-01 14:25:00,SUCCESS
TXN_00866,1216,5.0054668052405695,2026-09-01 14:26:00,SUCCESS
TXN_00867,2324,52.79535078790178,2026-09-01 14:27:00,SUCCESS
TXN_00868,2155,18.709083144702483,2026-09-01 14:28:00,SUCCESS
TXN_00869,2827,25.4618398424363,2026-09-01 14:29:00,SUCCESS
TXN_00870,4141,97.59157113523962,2026-09-01 14:30:00,SUCCESS
TXN_00871,4323,0.4535712687307108,2026-09-01 14:31:00,FAILED
TXN_00872,4486,44.38669843703153,2026-09-01 14:32:00,SUCCESS
TXN_00873,2810,45.65404196730056,2026-09-01 14:33:00,SUCCESS
TXN_00874,3492,25.263701151527624,2026-09-01 14:34:00,SUCCESS
TXN_00875,3923,13.526687916789617,2026-09-01 14:35:00,SUCCESS
TXN_00876,2205,13.372672106601275,2026-09-01 14:36:00,SUCCESS
TXN_00877,3214,107.58326835153566,2026-09-01 14:37:00,SUCCESS
TXN_00878,1090,29.171999908464596,2026-09-01 14:38:00,SUCCESS
TXN_00879,1713,20.09029279146637,2026-09-01 14:39:00,SUCCESS
TXN_00880,2881,29.780843701399213,2026-09-01 14:40:00,SUCCESS
TXN_00881,4602,55.340853015922065,2026-09-01 14:41:00,SUCCESS
TXN_00882,1038,7.8769538459275505,2026-09-01 14:42:00,FAILED
TXN_00883,4197,29.840406984712487,2026-09-01 14:43:00,SUCCESS
TXN_00884,4522,44.322565818175256,2026-09-01 14:44:00,SUCCESS
TXN_00885,1172,148.38966616846105,2026-09-01 14:45:00,SUCCESS
TXN_00886,1652,14.552907053203606,2026-09-01 14:46:00,SUCCESS
TXN_00887,1753,22.255854049494946,2026-09-01 14:47:00,SUCCESS
TXN_00888,2243,23.850090165982625,2026-09-01 14:48:00,SUCCESS
TXN_00889,4709,46.51164337212133,2026-09-01 14:49:00,SUCCESS
TXN_00890,2081,22.059696388321683,2026-09-01 14:50:00,SUCCESS
TXN_00891,2683,38.12614111824427,2026-09-01 14:51:00,SUCCESS
TXN_00892,3523,76.11494443573562,2026-09-01 14:52:00,SUCCESS
TXN_00893,1455,61.1043938163183,2026-09-01 14:53:00,SUCCESS
TXN_00894,1828,29.562812032381693,2026-09-01 14:54:00,SUCCESS
TXN_00895,1894,99.83455998148455,2026-09-01 14:55:00,SUCCESS
TXN_00896,2384,40.838137701516516,2026-09-01 14:56:00,SUCCESS
TXN_00897,2958,38.81620568560968,2026-09-01 14:57:00,SUCCESS
TXN_00898,4072,1.7392919170521337,2026-09-01 14:58:00,PENDING
TXN_00899,3434,215.97317951466928,2026-09-01 14:59:00,SUCCESS
TXN_00900,2996,6.5607500782424975,2026-09-01 15:00:00,PENDING
TXN_00901,3395,13.141728059780164,2026-09-01 15:01:00,SUCCESS
TXN_00902,1189,2.654051795517058,2026-09-01 15:02:00,SUCCESS
TXN_00903,1504,51.08297443897948,2026-09-01 15:03:00,SUCCESS
TXN_00904,2214,12.725337292257766,2026-09-01 15:04:00,SUCCESS
TXN_00905,2531,9.923183371506022,2026-09-01 15:05:00,FAILED
TXN_00906,4440,4.636233388431654,2026-09-01 15:06:00,SUCCESS
TXN_00907,4480,5.452195503016298,2026-09-01 15:07:00,SUCCESS
TXN_00908,1823,43.934179024553785,2026-09-01 15:08:00,SUCCESS
TXN_00909,1928,58.270927497944584,2026-09-01 15:09:00,SUCCESS
TXN_00910,1933,25.323339238152514,2026-09-01 15:10:00,SUCCESS
TXN_00911,2140,32.68642834875013,2026-09-01 15:11:00,SUCCESS
TXN_00912,1133,57.912977335296254,2026-09-01 15:12:00,SUCCESS
TXN_00913,3105,0.8766295883366856,2026-09-01 15:13:00,SUCCESS
TXN_00914,4627,19.51385094455138,2026-09-01 15:14:00,SUCCESS
TXN_00915,1684,180.77726405106134,2026-09-01 15:15:00,SUCCESS
TXN_00916,3719,43.3883908486633,2026-09-01 15:16:00,SUCCESS
TXN_00917,3220,14.666538477032493,2026-09-01 15:17:00,UNKNOWN
TXN_00918,2852,36.878997495707125,2026-09-01 15:18:00,SUCCESS
TXN_00919,1814,20.977199209552058,2026-09-01 15:19:00,SUCCESS
TXN_00920,2172,37.99053002631322,2026-09-01 15:20:00,SUCCESS
TXN_00921,1079,6.718959698564275,2026-09-01 15:21:00,SUCCESS
TXN_00922,3933,7.119361867023427,2026-09-01 15:22:00,SUCCESS
TXN_00923,4284,7.747521095750982,2026-09-01 15:23:00,PENDING
TXN_00924,1202,140.5205875136392,2026-09-01 15:24:00,SUCCESS
TXN_00925,3811,66.00640546175586,2026-09-01 15:25:00,PENDING
TXN_00926,2252,8.859650196338142,2026-09-01 15:26:00,SUCCESS
TXN_00927,2699,10.434246868592965,2026-09-01 15:27:00,SUCCESS
TXN_00928,2250,65.62050889055683,2026-09-01 15:28:00,SUCCESS
TXN_00929,2682,8.4898466066157,2026-09-01 15:29:00,SUCCESS
TXN_00930,2555,13.365306838166912,2026-09-01 15:30:00,SUCCESS
TXN_00931,4512,165.31277187386547,2026-09-01 15:31:00,SUCCESS
TXN_00932,4473,14.739129392840134,2026-09-01 15:32:00,SUCCESS
TXN_00933,3094,54.18111269216672,2026-09-01 15:33:00,SUCCESS
TXN_00934,2256,192.29137274111892,2026-09-01 15:34:00,SUCCESS
TXN_00935,4376,23.44395446008198,2026-09-01 15:35:00,SUCCESS
TXN_00936,2549,0.8835605528874256,2026-09-01 15:36:00,SUCCESS
TXN_00937,2166,13.99543751925928,2026-09-01 15:37:00,SUCCESS
TXN_00938,4486,88.85650747552809,2026-09-01 15:38:00,SUCCESS
TXN_00939,4584,99.97935893973221,2026-09-01 15:39:00,SUCCESS
TXN_00940,2396,73.16295285027378,2026-09-01 15:40:00,SUCCESS
TXN_00941,4637,6.001705694702275,2026-09-01 15:41:00,SUCCESS
TXN_00942,4957,79.36190110636366,2026-09-01 15:42:00,UNKNOWN
TXN_00943,4330,125.46681000012076,2026-09-01 15:43:00,SUCCESS
TXN_00944,3703,45.89078752448708,2026-09-01 15:44:00,SUCCESS
TXN_00945,1470,141.40537295238246,2026-09-01 15:45:00,SUCCESS
TXN_00946,4018,87.67664049293909,2026-09-01 15:46:00,SUCCESS
TXN_00947,2035,54.976362904886265,2026-09-01 15:47:00,SUCCESS
TXN_00948,2353,43.041055384767915,2026-09-01 15:48:00,SUCCESS
TXN_00949,3783,21.429548104529,2026-09-01 15:49:00,SUCCESS
TXN_00950,3831,8.675273362881017,2026-09-01 15:50:00,SUCCESS
TXN_00951,1967,46.43764347339551,2026-09-01 15:51:00,SUCCESS
TXN_00952,1357,19.144460143622556,2026-09-01 15:52:00,SUCCESS
TXN_00953,4019,100.65972436869899,2026-09-01 15:53:00,SUCCESS
TXN_00954,4479,250.55880220347234,2026-09-01 15:54:00,FAILED
TXN_00955,1667,69.80264356693631,2026-09-01 15:55:00,SUCCESS
TXN_00956,1372,4.742007754950054,2026-09-01 15:56:00,FAILED
TXN_00957,2031,17.032037327091054,2026-09-01 15:57:00,SUCCESS
TXN_00958,2145,5.776695129496891,2026-09-01 15:58:00,SUCCESS
TXN_00959,2371,52.56425224392765,2026-09-01 15:59:00,SUCCESS
TXN_00960,3723,72.44911422208654,2026-09-01 16:00:00,SUCCESS
TXN_00961,1089,129.96528173490495,2026-09-01 16:01:00,SUCCESS
TXN_00962,4719,28.828007116682304,2026-09-01 16:02:00,SUCCESS
TXN_00963,3745,115.8218543142947,2026-09-01 16:03:00,SUCCESS
TXN_00964,4387,105.14212464814206,2026-09-01 16:04:00,SUCCESS
TXN_00965,4249,19.077350751864763,2026-09-01 16:05:00,SUCCESS
TXN_00966,1539,101.58998298501902,2026-09-01 16:06:00,SUCCESS
TXN_00967,3779,23.553990556627372,2026-09-01 16:07:00,SUCCESS
TXN_00968,1868,17.61062253874521,2026-09-01 16:08:00,SUCCESS
TXN_00969,1040,52.35908906293584,2026-09-01 16:09:00,PENDING
TXN_00970,1739,19.903220141843235,2026-09-01 16:10:00,FAILED
TXN_00971,4775,49.74083086146443,2026-09-01 16:11:00,SUCCESS
TXN_00972,2946,47.0588682437837,2026-09-01 16:12:00,SUCCESS
TXN_00973,3549,41.441349952653574,2026-09-01 16:13:00,SUCCESS
TXN_00974,4006,23.935648624143287,2026-09-01 16:14:00,SUCCESS
TXN_00975,4216,39.7589644814002,2026-09-01 16:15:00,SUCCESS
TXN_00976,2224,45.37713971811075,2026-09-01 16:16:00,SUCCESS
TXN_00977,1928,39.448432286920266,2026-09-01 16:17:00,SUCCESS
TXN_00978,3036,29.387084043303936,2026-09-01 16:18:00,SUCCESS
TXN_00979,4795,0.7387840886311178,2026-09-01 16:19:00,SUCCESS
TXN_00980,3508,44.22285552521822,2026-09-01 16:20:00,SUCCESS
TXN_00981,3779,9.222854880508601,2026-09-01 16:21:00,FAILED
TXN_00982,3799,51.44162199905477,2026-09-01 16:22:00,SUCCESS
TXN_00983,1924,71.21940568454932,2026-09-01 16:23:00,SUCCESS
TXN_00984,3956,34.70190978287546,2026-09-01 16:24:00,FAILED
TXN_00985,2581,39.08402193077336,2026-09-01 16:25:00,SUCCESS
TXN_00986,4618,151.2874754989924,2026-09-01 16:26:00,SUCCESS
TXN_00987,4324,93.92059107385423,2026-09-01 16:27:00,SUCCESS
TXN_00988,1389,122.80809784594796,2026-09-01 16:28:00,SUCCESS
TXN_00989,2617,84.03764398058456,2026-09-01 16:29:00,SUCCESS
TXN_00990,3930,5.765960397586376,2026-09-01 16:30:00,SUCCESS
TXN_00991,1255,8.066679025089348,2026-09-01 16:31:00,UNKNOWN
TXN_00992,1708,37.393242600299644,2026-09-01 16:32:00,SUCCESS
TXN_00993,2838,14.122765045786897,2026-09-01 16:33:00,SUCCESS
TXN_00994,2944,32.379585933621506,2026-09-01 16:34:00,SUCCESS
TXN_00995,3497,25.073915964070874,2026-09-01 16:35:00,SUCCESS
TXN_00996,1009,39.860342515402145,2026-09-01 16:36:00,SUCCESS
TXN_00997,3871,68.69373351519472,2026-09-01 16:37:00,SUCCESS
TXN_00998,1797,62.84950324698799,2026-09-01 16:38:00,SUCCESS
TXN_00999,4313,36.827179770137654,2026-09-01 16:39:00,SUCCESS
